PROD_EST,COBERTURA,ANIO,ID_MES,MARCA,SEGMENTO,FUENTE_DE_ENERGIA,MENUDEO,MAYOREO
Registro Administrativo de la Industria Automotriz de Vehículos Pesados. Venta de vehículos pesados,Nacional,2020,	01,Dina,Carga,Eléctrico,0,0
Registro Administrativo de la Industria Automotriz de Vehículos Pesados. Venta de vehículos pesados,Nacional,2020,	01,Dina,Carga,Gasolina,0,0
Registro Administrativo de la Industria Automotriz de Vehículos Pesados. Venta de vehículos pesados,Nacional,2020,	01,Dina,Pasajeros,Diésel,2,1
Registro Administrativo de la Industria Automotriz de Vehículos Pesados. Venta de vehículos pesados,Nacional,2020,	01,Dina,Pasajeros,Eléctrico,0,0
Registro Administrativo de la Industria Automotriz de Vehículos Pesados. Venta de vehículos pesados,Nacional,2020,	01,Dina,Pasajeros,Gas natural vehicular,0,0
Registro Administrativo de la Industria Automotriz de Vehículos Pesados. Venta de vehículos pesados,Nacional,2020,	01,Freightliner,Carga,Diésel,937,331
Registro Administrativo de la Industria Automotriz de Vehículos Pesados. Venta de vehículos pesados,Nacional,2020,	01,Hino,Carga,Diésel,82,19
Registro Administrativo de la Industria Automotriz de Vehículos Pesados. Venta de vehículos pesados,Nacional,2020,	01,Hino,Carga,Híbrido,20,23
Registro Administrativo de la Industria Automotriz de Vehículos Pesados. Venta de vehículos pesados,Nacional,2020,	01,Hino,Pasajeros,Diésel,8,0
Registro Administrativo de la Industria Automotriz de Vehículos Pesados. Venta de vehículos pesados,Nacional,2020,	01,International,Carga,Diésel,361,376
Registro Administrativo de la Industria Automotriz de Vehículos Pesados. Venta de vehículos pesados,Nacional,2020,	01,International,Pasajeros,Diésel,79,2
Registro Administrativo de la Industria Automotriz de Vehículos Pesados. Venta de vehículos pesados,Nacional,2020,	01,Isuzu,Carga,Diésel,122,115
Registro Administrativo de la Industria Automotriz de Vehículos Pesados. Venta de vehículos pesados,Nacional,2020,	01,Isuzu,Pasajeros,Diésel,1,1
Registro Administrativo de la Industria Automotriz de Vehículos Pesados. Venta de vehículos pesados,Nacional,2020,	01,Kenworth,Carga,Diésel,384,466
Registro Administrativo de la Industria Automotriz de Vehículos Pesados. Venta de vehículos pesados,Nacional,2020,	01,Kenworth,Carga,Gas natural vehicular,0,0
Registro Administrativo de la Industria Automotriz de Vehículos Pesados. Venta de vehículos pesados,Nacional,2020,	01,Mack Trucks,Carga,Diésel,11,6
Registro Administrativo de la Industria Automotriz de Vehículos Pesados. Venta de vehículos pesados,Nacional,2020,	01,Man Truck And Bus México,Carga,Diésel,1,0
Registro Administrativo de la Industria Automotriz de Vehículos Pesados. Venta de vehículos pesados,Nacional,2020,	01,Man Truck And Bus México,Pasajeros,Diésel,3,3
Registro Administrativo de la Industria Automotriz de Vehículos Pesados. Venta de vehículos pesados,Nacional,2020,	01,Mercedes-Benz Autobuses,Pasajeros,Diésel,169,52
Registro Administrativo de la Industria Automotriz de Vehículos Pesados. Venta de vehículos pesados,Nacional,2020,	01,Scania,Carga,Diésel,28,28
Registro Administrativo de la Industria Automotriz de Vehículos Pesados. Venta de vehículos pesados,Nacional,2020,	01,Scania,Carga,Gas natural vehicular,13,13
Registro Administrativo de la Industria Automotriz de Vehículos Pesados. Venta de vehículos pesados,Nacional,2020,	01,Scania,Pasajeros,Diésel,38,38
Registro Administrativo de la Industria Automotriz de Vehículos Pesados. Venta de vehículos pesados,Nacional,2020,	01,Scania,Pasajeros,Gas natural vehicular,0,0
Registro Administrativo de la Industria Automotriz de Vehículos Pesados. Venta de vehículos pesados,Nacional,2020,	01,Volkswagen Camiones y Autobuses,Carga,Diésel,36,13
Registro Administrativo de la Industria Automotriz de Vehículos Pesados. Venta de vehículos pesados,Nacional,2020,	01,Volkswagen Camiones y Autobuses,Pasajeros,Diésel,48,51
Registro Administrativo de la Industria Automotriz de Vehículos Pesados. Venta de vehículos pesados,Nacional,2020,	01,Volvo Buses,Pasajeros,Diésel,37,37
Registro Administrativo de la Industria Automotriz de Vehículos Pesados. Venta de vehículos pesados,Nacional,2020,	01,Volvo Trucks,Carga,Diésel,13,0
Registro Administrativo de la Industria Automotriz de Vehículos Pesados. Venta de vehículos pesados,Nacional,2020,	01,Volvo Trucks,Carga,Gas natural vehicular,0,0
Registro Administrativo de la Industria Automotriz de Vehículos Pesados. Venta de vehículos pesados,Nacional,2020,	02,Dina,Carga,Eléctrico,0,0
Registro Administrativo de la Industria Automotriz de Vehículos Pesados. Venta de vehículos pesados,Nacional,2020,	02,Dina,Carga,Gasolina,0,0
Registro Administrativo de la Industria Automotriz de Vehículos Pesados. Venta de vehículos pesados,Nacional,2020,	02,Dina,Pasajeros,Diésel,1,0
Registro Administrativo de la Industria Automotriz de Vehículos Pesados. Venta de vehículos pesados,Nacional,2020,	02,Dina,Pasajeros,Eléctrico,0,0
Registro Administrativo de la Industria Automotriz de Vehículos Pesados. Venta de vehículos pesados,Nacional,2020,	02,Dina,Pasajeros,Gas natural vehicular,0,0
Registro Administrativo de la Industria Automotriz de Vehículos Pesados. Venta de vehículos pesados,Nacional,2020,	02,Freightliner,Carga,Diésel,496,322
Registro Administrativo de la Industria Automotriz de Vehículos Pesados. Venta de vehículos pesados,Nacional,2020,	02,Hino,Carga,Diésel,117,30
Registro Administrativo de la Industria Automotriz de Vehículos Pesados. Venta de vehículos pesados,Nacional,2020,	02,Hino,Carga,Híbrido,23,19
Registro Administrativo de la Industria Automotriz de Vehículos Pesados. Venta de vehículos pesados,Nacional,2020,	02,Hino,Pasajeros,Diésel,6,0
Registro Administrativo de la Industria Automotriz de Vehículos Pesados. Venta de vehículos pesados,Nacional,2020,	02,International,Carga,Diésel,363,439
Registro Administrativo de la Industria Automotriz de Vehículos Pesados. Venta de vehículos pesados,Nacional,2020,	02,International,Pasajeros,Diésel,98,15
Registro Administrativo de la Industria Automotriz de Vehículos Pesados. Venta de vehículos pesados,Nacional,2020,	02,Isuzu,Carga,Diésel,141,136
Registro Administrativo de la Industria Automotriz de Vehículos Pesados. Venta de vehículos pesados,Nacional,2020,	02,Isuzu,Pasajeros,Diésel,23,23
Registro Administrativo de la Industria Automotriz de Vehículos Pesados. Venta de vehículos pesados,Nacional,2020,	02,Kenworth,Carga,Diésel,586,550
Registro Administrativo de la Industria Automotriz de Vehículos Pesados. Venta de vehículos pesados,Nacional,2020,	02,Kenworth,Carga,Gas natural vehicular,0,0
Registro Administrativo de la Industria Automotriz de Vehículos Pesados. Venta de vehículos pesados,Nacional,2020,	02,Mack Trucks,Carga,Diésel,26,0
Registro Administrativo de la Industria Automotriz de Vehículos Pesados. Venta de vehículos pesados,Nacional,2020,	02,Man Truck And Bus México,Carga,Diésel,4,0
Registro Administrativo de la Industria Automotriz de Vehículos Pesados. Venta de vehículos pesados,Nacional,2020,	02,Man Truck And Bus México,Pasajeros,Diésel,13,1
Registro Administrativo de la Industria Automotriz de Vehículos Pesados. Venta de vehículos pesados,Nacional,2020,	02,Mercedes-Benz Autobuses,Pasajeros,Diésel,229,201
Registro Administrativo de la Industria Automotriz de Vehículos Pesados. Venta de vehículos pesados,Nacional,2020,	02,Scania,Carga,Diésel,22,22
Registro Administrativo de la Industria Automotriz de Vehículos Pesados. Venta de vehículos pesados,Nacional,2020,	02,Scania,Carga,Gas natural vehicular,0,0
Registro Administrativo de la Industria Automotriz de Vehículos Pesados. Venta de vehículos pesados,Nacional,2020,	02,Scania,Pasajeros,Diésel,21,21
Registro Administrativo de la Industria Automotriz de Vehículos Pesados. Venta de vehículos pesados,Nacional,2020,	02,Scania,Pasajeros,Gas natural vehicular,0,0
Registro Administrativo de la Industria Automotriz de Vehículos Pesados. Venta de vehículos pesados,Nacional,2020,	02,Volkswagen Camiones y Autobuses,Carga,Diésel,41,72
Registro Administrativo de la Industria Automotriz de Vehículos Pesados. Venta de vehículos pesados,Nacional,2020,	02,Volkswagen Camiones y Autobuses,Pasajeros,Diésel,21,100
Registro Administrativo de la Industria Automotriz de Vehículos Pesados. Venta de vehículos pesados,Nacional,2020,	02,Volvo Buses,Pasajeros,Diésel,77,77
Registro Administrativo de la Industria Automotriz de Vehículos Pesados. Venta de vehículos pesados,Nacional,2020,	02,Volvo Trucks,Carga,Diésel,24,20
Registro Administrativo de la Industria Automotriz de Vehículos Pesados. Venta de vehículos pesados,Nacional,2020,	02,Volvo Trucks,Carga,Gas natural vehicular,0,0
Registro Administrativo de la Industria Automotriz de Vehículos Pesados. Venta de vehículos pesados,Nacional,2020,	03,Dina,Carga,Eléctrico,0,0
Registro Administrativo de la Industria Automotriz de Vehículos Pesados. Venta de vehículos pesados,Nacional,2020,	03,Dina,Carga,Gasolina,0,0
Registro Administrativo de la Industria Automotriz de Vehículos Pesados. Venta de vehículos pesados,Nacional,2020,	03,Dina,Pasajeros,Diésel,1,0
Registro Administrativo de la Industria Automotriz de Vehículos Pesados. Venta de vehículos pesados,Nacional,2020,	03,Dina,Pasajeros,Eléctrico,0,0
Registro Administrativo de la Industria Automotriz de Vehículos Pesados. Venta de vehículos pesados,Nacional,2020,	03,Dina,Pasajeros,Gas natural vehicular,0,0
Registro Administrativo de la Industria Automotriz de Vehículos Pesados. Venta de vehículos pesados,Nacional,2020,	03,Freightliner,Carga,Diésel,621,558
Registro Administrativo de la Industria Automotriz de Vehículos Pesados. Venta de vehículos pesados,Nacional,2020,	03,Hino,Carga,Diésel,113,12
Registro Administrativo de la Industria Automotriz de Vehículos Pesados. Venta de vehículos pesados,Nacional,2020,	03,Hino,Carga,Híbrido,2,2
Registro Administrativo de la Industria Automotriz de Vehículos Pesados. Venta de vehículos pesados,Nacional,2020,	03,Hino,Pasajeros,Diésel,4,0
Registro Administrativo de la Industria Automotriz de Vehículos Pesados. Venta de vehículos pesados,Nacional,2020,	03,International,Carga,Diésel,357,271
Registro Administrativo de la Industria Automotriz de Vehículos Pesados. Venta de vehículos pesados,Nacional,2020,	03,International,Pasajeros,Diésel,63,35
Registro Administrativo de la Industria Automotriz de Vehículos Pesados. Venta de vehículos pesados,Nacional,2020,	03,Isuzu,Carga,Diésel,258,260
Registro Administrativo de la Industria Automotriz de Vehículos Pesados. Venta de vehículos pesados,Nacional,2020,	03,Isuzu,Pasajeros,Diésel,1,1
Registro Administrativo de la Industria Automotriz de Vehículos Pesados. Venta de vehículos pesados,Nacional,2020,	03,Kenworth,Carga,Diésel,395,496
Registro Administrativo de la Industria Automotriz de Vehículos Pesados. Venta de vehículos pesados,Nacional,2020,	03,Kenworth,Carga,Gas natural vehicular,0,0
Registro Administrativo de la Industria Automotriz de Vehículos Pesados. Venta de vehículos pesados,Nacional,2020,	03,Mack Trucks,Carga,Diésel,13,10
Registro Administrativo de la Industria Automotriz de Vehículos Pesados. Venta de vehículos pesados,Nacional,2020,	03,Man Truck And Bus México,Carga,Diésel,0,0
Registro Administrativo de la Industria Automotriz de Vehículos Pesados. Venta de vehículos pesados,Nacional,2020,	03,Man Truck And Bus México,Pasajeros,Diésel,14,0
Registro Administrativo de la Industria Automotriz de Vehículos Pesados. Venta de vehículos pesados,Nacional,2020,	03,Mercedes-Benz Autobuses,Pasajeros,Diésel,199,195
Registro Administrativo de la Industria Automotriz de Vehículos Pesados. Venta de vehículos pesados,Nacional,2020,	03,Scania,Carga,Diésel,34,34
Registro Administrativo de la Industria Automotriz de Vehículos Pesados. Venta de vehículos pesados,Nacional,2020,	03,Scania,Carga,Gas natural vehicular,12,12
Registro Administrativo de la Industria Automotriz de Vehículos Pesados. Venta de vehículos pesados,Nacional,2020,	03,Scania,Pasajeros,Diésel,31,31
Registro Administrativo de la Industria Automotriz de Vehículos Pesados. Venta de vehículos pesados,Nacional,2020,	03,Scania,Pasajeros,Gas natural vehicular,0,0
Registro Administrativo de la Industria Automotriz de Vehículos Pesados. Venta de vehículos pesados,Nacional,2020,	03,Volkswagen Camiones y Autobuses,Carga,Diésel,32,43
Registro Administrativo de la Industria Automotriz de Vehículos Pesados. Venta de vehículos pesados,Nacional,2020,	03,Volkswagen Camiones y Autobuses,Pasajeros,Diésel,33,13
Registro Administrativo de la Industria Automotriz de Vehículos Pesados. Venta de vehículos pesados,Nacional,2020,	03,Volvo Buses,Pasajeros,Diésel,71,71
Registro Administrativo de la Industria Automotriz de Vehículos Pesados. Venta de vehículos pesados,Nacional,2020,	03,Volvo Trucks,Carga,Diésel,20,38
Registro Administrativo de la Industria Automotriz de Vehículos Pesados. Venta de vehículos pesados,Nacional,2020,	03,Volvo Trucks,Carga,Gas natural vehicular,0,0
Registro Administrativo de la Industria Automotriz de Vehículos Pesados. Venta de vehículos pesados,Nacional,2020,	04,Dina,Carga,Eléctrico,0,0
Registro Administrativo de la Industria Automotriz de Vehículos Pesados. Venta de vehículos pesados,Nacional,2020,	04,Dina,Carga,Gasolina,0,0
Registro Administrativo de la Industria Automotriz de Vehículos Pesados. Venta de vehículos pesados,Nacional,2020,	04,Dina,Pasajeros,Diésel,3,0
Registro Administrativo de la Industria Automotriz de Vehículos Pesados. Venta de vehículos pesados,Nacional,2020,	04,Dina,Pasajeros,Eléctrico,0,0
Registro Administrativo de la Industria Automotriz de Vehículos Pesados. Venta de vehículos pesados,Nacional,2020,	04,Dina,Pasajeros,Gas natural vehicular,0,0
Registro Administrativo de la Industria Automotriz de Vehículos Pesados. Venta de vehículos pesados,Nacional,2020,	04,Freightliner,Carga,Diésel,382,578
Registro Administrativo de la Industria Automotriz de Vehículos Pesados. Venta de vehículos pesados,Nacional,2020,	04,Hino,Carga,Diésel,58,8
Registro Administrativo de la Industria Automotriz de Vehículos Pesados. Venta de vehículos pesados,Nacional,2020,	04,Hino,Carga,Híbrido,6,6
Registro Administrativo de la Industria Automotriz de Vehículos Pesados. Venta de vehículos pesados,Nacional,2020,	04,Hino,Pasajeros,Diésel,15,0
Registro Administrativo de la Industria Automotriz de Vehículos Pesados. Venta de vehículos pesados,Nacional,2020,	04,International,Carga,Diésel,229,100
Registro Administrativo de la Industria Automotriz de Vehículos Pesados. Venta de vehículos pesados,Nacional,2020,	04,International,Pasajeros,Diésel,40,6
Registro Administrativo de la Industria Automotriz de Vehículos Pesados. Venta de vehículos pesados,Nacional,2020,	04,Isuzu,Carga,Diésel,42,33
Registro Administrativo de la Industria Automotriz de Vehículos Pesados. Venta de vehículos pesados,Nacional,2020,	04,Isuzu,Pasajeros,Diésel,0,0
Registro Administrativo de la Industria Automotriz de Vehículos Pesados. Venta de vehículos pesados,Nacional,2020,	04,Kenworth,Carga,Diésel,191,6
Registro Administrativo de la Industria Automotriz de Vehículos Pesados. Venta de vehículos pesados,Nacional,2020,	04,Kenworth,Carga,Gas natural vehicular,3,12
Registro Administrativo de la Industria Automotriz de Vehículos Pesados. Venta de vehículos pesados,Nacional,2020,	04,Mack Trucks,Carga,Diésel,13,0
Registro Administrativo de la Industria Automotriz de Vehículos Pesados. Venta de vehículos pesados,Nacional,2020,	04,Man Truck And Bus México,Carga,Diésel,7,9
Registro Administrativo de la Industria Automotriz de Vehículos Pesados. Venta de vehículos pesados,Nacional,2020,	04,Man Truck And Bus México,Pasajeros,Diésel,1,1
Registro Administrativo de la Industria Automotriz de Vehículos Pesados. Venta de vehículos pesados,Nacional,2020,	04,Mercedes-Benz Autobuses,Pasajeros,Diésel,41,46
Registro Administrativo de la Industria Automotriz de Vehículos Pesados. Venta de vehículos pesados,Nacional,2020,	04,Scania,Carga,Diésel,3,3
Registro Administrativo de la Industria Automotriz de Vehículos Pesados. Venta de vehículos pesados,Nacional,2020,	04,Scania,Carga,Gas natural vehicular,0,0
Registro Administrativo de la Industria Automotriz de Vehículos Pesados. Venta de vehículos pesados,Nacional,2020,	04,Scania,Pasajeros,Diésel,5,5
Registro Administrativo de la Industria Automotriz de Vehículos Pesados. Venta de vehículos pesados,Nacional,2020,	04,Scania,Pasajeros,Gas natural vehicular,0,0
Registro Administrativo de la Industria Automotriz de Vehículos Pesados. Venta de vehículos pesados,Nacional,2020,	04,Volkswagen Camiones y Autobuses,Carga,Diésel,39,33
Registro Administrativo de la Industria Automotriz de Vehículos Pesados. Venta de vehículos pesados,Nacional,2020,	04,Volkswagen Camiones y Autobuses,Pasajeros,Diésel,2,1
Registro Administrativo de la Industria Automotriz de Vehículos Pesados. Venta de vehículos pesados,Nacional,2020,	04,Volvo Buses,Pasajeros,Diésel,0,0
Registro Administrativo de la Industria Automotriz de Vehículos Pesados. Venta de vehículos pesados,Nacional,2020,	04,Volvo Trucks,Carga,Diésel,11,45
Registro Administrativo de la Industria Automotriz de Vehículos Pesados. Venta de vehículos pesados,Nacional,2020,	04,Volvo Trucks,Carga,Gas natural vehicular,0,0
Registro Administrativo de la Industria Automotriz de Vehículos Pesados. Venta de vehículos pesados,Nacional,2020,	05,Dina,Carga,Eléctrico,0,0
Registro Administrativo de la Industria Automotriz de Vehículos Pesados. Venta de vehículos pesados,Nacional,2020,	05,Dina,Carga,Gasolina,0,0
Registro Administrativo de la Industria Automotriz de Vehículos Pesados. Venta de vehículos pesados,Nacional,2020,	05,Dina,Pasajeros,Diésel,0,0
Registro Administrativo de la Industria Automotriz de Vehículos Pesados. Venta de vehículos pesados,Nacional,2020,	05,Dina,Pasajeros,Eléctrico,0,0
Registro Administrativo de la Industria Automotriz de Vehículos Pesados. Venta de vehículos pesados,Nacional,2020,	05,Dina,Pasajeros,Gas natural vehicular,0,0
Registro Administrativo de la Industria Automotriz de Vehículos Pesados. Venta de vehículos pesados,Nacional,2020,	05,Freightliner,Carga,Diésel,439,148
Registro Administrativo de la Industria Automotriz de Vehículos Pesados. Venta de vehículos pesados,Nacional,2020,	05,Hino,Carga,Diésel,139,0
Registro Administrativo de la Industria Automotriz de Vehículos Pesados. Venta de vehículos pesados,Nacional,2020,	05,Hino,Carga,Híbrido,38,65
Registro Administrativo de la Industria Automotriz de Vehículos Pesados. Venta de vehículos pesados,Nacional,2020,	05,Hino,Pasajeros,Diésel,1,0
Registro Administrativo de la Industria Automotriz de Vehículos Pesados. Venta de vehículos pesados,Nacional,2020,	05,International,Carga,Diésel,170,70
Registro Administrativo de la Industria Automotriz de Vehículos Pesados. Venta de vehículos pesados,Nacional,2020,	05,International,Pasajeros,Diésel,45,5
Registro Administrativo de la Industria Automotriz de Vehículos Pesados. Venta de vehículos pesados,Nacional,2020,	05,Isuzu,Carga,Diésel,91,81
Registro Administrativo de la Industria Automotriz de Vehículos Pesados. Venta de vehículos pesados,Nacional,2020,	05,Isuzu,Pasajeros,Diésel,0,0
Registro Administrativo de la Industria Automotriz de Vehículos Pesados. Venta de vehículos pesados,Nacional,2020,	05,Kenworth,Carga,Diésel,229,173
Registro Administrativo de la Industria Automotriz de Vehículos Pesados. Venta de vehículos pesados,Nacional,2020,	05,Kenworth,Carga,Gas natural vehicular,13,4
Registro Administrativo de la Industria Automotriz de Vehículos Pesados. Venta de vehículos pesados,Nacional,2020,	05,Mack Trucks,Carga,Diésel,7,1
Registro Administrativo de la Industria Automotriz de Vehículos Pesados. Venta de vehículos pesados,Nacional,2020,	05,Man Truck And Bus México,Carga,Diésel,4,2
Registro Administrativo de la Industria Automotriz de Vehículos Pesados. Venta de vehículos pesados,Nacional,2020,	05,Man Truck And Bus México,Pasajeros,Diésel,8,3
Registro Administrativo de la Industria Automotriz de Vehículos Pesados. Venta de vehículos pesados,Nacional,2020,	05,Mercedes-Benz Autobuses,Pasajeros,Diésel,63,79
Registro Administrativo de la Industria Automotriz de Vehículos Pesados. Venta de vehículos pesados,Nacional,2020,	05,Scania,Carga,Diésel,20,20
Registro Administrativo de la Industria Automotriz de Vehículos Pesados. Venta de vehículos pesados,Nacional,2020,	05,Scania,Carga,Gas natural vehicular,0,0
Registro Administrativo de la Industria Automotriz de Vehículos Pesados. Venta de vehículos pesados,Nacional,2020,	05,Scania,Pasajeros,Diésel,14,14
Registro Administrativo de la Industria Automotriz de Vehículos Pesados. Venta de vehículos pesados,Nacional,2020,	05,Scania,Pasajeros,Gas natural vehicular,0,0
Registro Administrativo de la Industria Automotriz de Vehículos Pesados. Venta de vehículos pesados,Nacional,2020,	05,Volkswagen Camiones y Autobuses,Carga,Diésel,15,32
Registro Administrativo de la Industria Automotriz de Vehículos Pesados. Venta de vehículos pesados,Nacional,2020,	05,Volkswagen Camiones y Autobuses,Pasajeros,Diésel,23,11
Registro Administrativo de la Industria Automotriz de Vehículos Pesados. Venta de vehículos pesados,Nacional,2020,	05,Volvo Buses,Pasajeros,Diésel,1,1
Registro Administrativo de la Industria Automotriz de Vehículos Pesados. Venta de vehículos pesados,Nacional,2020,	05,Volvo Trucks,Carga,Diésel,17,25
Registro Administrativo de la Industria Automotriz de Vehículos Pesados. Venta de vehículos pesados,Nacional,2020,	05,Volvo Trucks,Carga,Gas natural vehicular,0,0
Registro Administrativo de la Industria Automotriz de Vehículos Pesados. Venta de vehículos pesados,Nacional,2020,	06,Dina,Carga,Eléctrico,0,0
Registro Administrativo de la Industria Automotriz de Vehículos Pesados. Venta de vehículos pesados,Nacional,2020,	06,Dina,Carga,Gasolina,0,0
Registro Administrativo de la Industria Automotriz de Vehículos Pesados. Venta de vehículos pesados,Nacional,2020,	06,Dina,Pasajeros,Diésel,3,0
Registro Administrativo de la Industria Automotriz de Vehículos Pesados. Venta de vehículos pesados,Nacional,2020,	06,Dina,Pasajeros,Eléctrico,0,0
Registro Administrativo de la Industria Automotriz de Vehículos Pesados. Venta de vehículos pesados,Nacional,2020,	06,Dina,Pasajeros,Gas natural vehicular,0,0
Registro Administrativo de la Industria Automotriz de Vehículos Pesados. Venta de vehículos pesados,Nacional,2020,	06,Freightliner,Carga,Diésel,529,452
Registro Administrativo de la Industria Automotriz de Vehículos Pesados. Venta de vehículos pesados,Nacional,2020,	06,Hino,Carga,Diésel,177,2
Registro Administrativo de la Industria Automotriz de Vehículos Pesados. Venta de vehículos pesados,Nacional,2020,	06,Hino,Carga,Híbrido,17,17
Registro Administrativo de la Industria Automotriz de Vehículos Pesados. Venta de vehículos pesados,Nacional,2020,	06,Hino,Pasajeros,Diésel,7,0
Registro Administrativo de la Industria Automotriz de Vehículos Pesados. Venta de vehículos pesados,Nacional,2020,	06,International,Carga,Diésel,404,496
Registro Administrativo de la Industria Automotriz de Vehículos Pesados. Venta de vehículos pesados,Nacional,2020,	06,International,Pasajeros,Diésel,108,48
Registro Administrativo de la Industria Automotriz de Vehículos Pesados. Venta de vehículos pesados,Nacional,2020,	06,Isuzu,Carga,Diésel,136,141
Registro Administrativo de la Industria Automotriz de Vehículos Pesados. Venta de vehículos pesados,Nacional,2020,	06,Isuzu,Pasajeros,Diésel,0,0
Registro Administrativo de la Industria Automotriz de Vehículos Pesados. Venta de vehículos pesados,Nacional,2020,	06,Kenworth,Carga,Diésel,578,580
Registro Administrativo de la Industria Automotriz de Vehículos Pesados. Venta de vehículos pesados,Nacional,2020,	06,Kenworth,Carga,Gas natural vehicular,0,0
Registro Administrativo de la Industria Automotriz de Vehículos Pesados. Venta de vehículos pesados,Nacional,2020,	06,Mack Trucks,Carga,Diésel,8,4
Registro Administrativo de la Industria Automotriz de Vehículos Pesados. Venta de vehículos pesados,Nacional,2020,	06,Man Truck And Bus México,Carga,Diésel,5,3
Registro Administrativo de la Industria Automotriz de Vehículos Pesados. Venta de vehículos pesados,Nacional,2020,	06,Man Truck And Bus México,Pasajeros,Diésel,0,0
Registro Administrativo de la Industria Automotriz de Vehículos Pesados. Venta de vehículos pesados,Nacional,2020,	06,Mercedes-Benz Autobuses,Pasajeros,Diésel,94,114
Registro Administrativo de la Industria Automotriz de Vehículos Pesados. Venta de vehículos pesados,Nacional,2020,	06,Scania,Carga,Diésel,0,0
Registro Administrativo de la Industria Automotriz de Vehículos Pesados. Venta de vehículos pesados,Nacional,2020,	06,Scania,Carga,Gas natural vehicular,0,0
Registro Administrativo de la Industria Automotriz de Vehículos Pesados. Venta de vehículos pesados,Nacional,2020,	06,Scania,Pasajeros,Diésel,0,0
Registro Administrativo de la Industria Automotriz de Vehículos Pesados. Venta de vehículos pesados,Nacional,2020,	06,Scania,Pasajeros,Gas natural vehicular,0,0
Registro Administrativo de la Industria Automotriz de Vehículos Pesados. Venta de vehículos pesados,Nacional,2020,	06,Volkswagen Camiones y Autobuses,Carga,Diésel,57,68
Registro Administrativo de la Industria Automotriz de Vehículos Pesados. Venta de vehículos pesados,Nacional,2020,	06,Volkswagen Camiones y Autobuses,Pasajeros,Diésel,5,-3
Registro Administrativo de la Industria Automotriz de Vehículos Pesados. Venta de vehículos pesados,Nacional,2020,	06,Volvo Buses,Pasajeros,Diésel,25,25
Registro Administrativo de la Industria Automotriz de Vehículos Pesados. Venta de vehículos pesados,Nacional,2020,	06,Volvo Trucks,Carga,Diésel,26,22
Registro Administrativo de la Industria Automotriz de Vehículos Pesados. Venta de vehículos pesados,Nacional,2020,	06,Volvo Trucks,Carga,Gas natural vehicular,0,0
Registro Administrativo de la Industria Automotriz de Vehículos Pesados. Venta de vehículos pesados,Nacional,2020,	07,Dina,Carga,Eléctrico,0,0
Registro Administrativo de la Industria Automotriz de Vehículos Pesados. Venta de vehículos pesados,Nacional,2020,	07,Dina,Carga,Gasolina,0,0
Registro Administrativo de la Industria Automotriz de Vehículos Pesados. Venta de vehículos pesados,Nacional,2020,	07,Dina,Pasajeros,Diésel,13,12
Registro Administrativo de la Industria Automotriz de Vehículos Pesados. Venta de vehículos pesados,Nacional,2020,	07,Dina,Pasajeros,Eléctrico,0,0
Registro Administrativo de la Industria Automotriz de Vehículos Pesados. Venta de vehículos pesados,Nacional,2020,	07,Dina,Pasajeros,Gas natural vehicular,0,0
Registro Administrativo de la Industria Automotriz de Vehículos Pesados. Venta de vehículos pesados,Nacional,2020,	07,Freightliner,Carga,Diésel,736,878
Registro Administrativo de la Industria Automotriz de Vehículos Pesados. Venta de vehículos pesados,Nacional,2020,	07,Hino,Carga,Diésel,164,6
Registro Administrativo de la Industria Automotriz de Vehículos Pesados. Venta de vehículos pesados,Nacional,2020,	07,Hino,Carga,Híbrido,5,5
Registro Administrativo de la Industria Automotriz de Vehículos Pesados. Venta de vehículos pesados,Nacional,2020,	07,Hino,Pasajeros,Diésel,5,0
Registro Administrativo de la Industria Automotriz de Vehículos Pesados. Venta de vehículos pesados,Nacional,2020,	07,International,Carga,Diésel,576,533
Registro Administrativo de la Industria Automotriz de Vehículos Pesados. Venta de vehículos pesados,Nacional,2020,	07,International,Pasajeros,Diésel,71,6
Registro Administrativo de la Industria Automotriz de Vehículos Pesados. Venta de vehículos pesados,Nacional,2020,	07,Isuzu,Carga,Diésel,113,117
Registro Administrativo de la Industria Automotriz de Vehículos Pesados. Venta de vehículos pesados,Nacional,2020,	07,Isuzu,Pasajeros,Diésel,0,0
Registro Administrativo de la Industria Automotriz de Vehículos Pesados. Venta de vehículos pesados,Nacional,2020,	07,Kenworth,Carga,Diésel,677,709
Registro Administrativo de la Industria Automotriz de Vehículos Pesados. Venta de vehículos pesados,Nacional,2020,	07,Kenworth,Carga,Gas natural vehicular,5,5
Registro Administrativo de la Industria Automotriz de Vehículos Pesados. Venta de vehículos pesados,Nacional,2020,	07,Mack Trucks,Carga,Diésel,18,10
Registro Administrativo de la Industria Automotriz de Vehículos Pesados. Venta de vehículos pesados,Nacional,2020,	07,Man Truck And Bus México,Carga,Diésel,7,8
Registro Administrativo de la Industria Automotriz de Vehículos Pesados. Venta de vehículos pesados,Nacional,2020,	07,Man Truck And Bus México,Pasajeros,Diésel,1,1
Registro Administrativo de la Industria Automotriz de Vehículos Pesados. Venta de vehículos pesados,Nacional,2020,	07,Mercedes-Benz Autobuses,Pasajeros,Diésel,136,95
Registro Administrativo de la Industria Automotriz de Vehículos Pesados. Venta de vehículos pesados,Nacional,2020,	07,Scania,Carga,Diésel,37,37
Registro Administrativo de la Industria Automotriz de Vehículos Pesados. Venta de vehículos pesados,Nacional,2020,	07,Scania,Carga,Gas natural vehicular,27,27
Registro Administrativo de la Industria Automotriz de Vehículos Pesados. Venta de vehículos pesados,Nacional,2020,	07,Scania,Pasajeros,Diésel,4,4
Registro Administrativo de la Industria Automotriz de Vehículos Pesados. Venta de vehículos pesados,Nacional,2020,	07,Scania,Pasajeros,Gas natural vehicular,0,0
Registro Administrativo de la Industria Automotriz de Vehículos Pesados. Venta de vehículos pesados,Nacional,2020,	07,Volkswagen Camiones y Autobuses,Carga,Diésel,71,67
Registro Administrativo de la Industria Automotriz de Vehículos Pesados. Venta de vehículos pesados,Nacional,2020,	07,Volkswagen Camiones y Autobuses,Pasajeros,Diésel,22,13
Registro Administrativo de la Industria Automotriz de Vehículos Pesados. Venta de vehículos pesados,Nacional,2020,	07,Volvo Buses,Pasajeros,Diésel,20,20
Registro Administrativo de la Industria Automotriz de Vehículos Pesados. Venta de vehículos pesados,Nacional,2020,	07,Volvo Trucks,Carga,Diésel,40,8
Registro Administrativo de la Industria Automotriz de Vehículos Pesados. Venta de vehículos pesados,Nacional,2020,	07,Volvo Trucks,Carga,Gas natural vehicular,0,0
Registro Administrativo de la Industria Automotriz de Vehículos Pesados. Venta de vehículos pesados,Nacional,2020,	08,Dina,Carga,Eléctrico,0,0
Registro Administrativo de la Industria Automotriz de Vehículos Pesados. Venta de vehículos pesados,Nacional,2020,	08,Dina,Carga,Gasolina,0,0
Registro Administrativo de la Industria Automotriz de Vehículos Pesados. Venta de vehículos pesados,Nacional,2020,	08,Dina,Pasajeros,Diésel,20,17
Registro Administrativo de la Industria Automotriz de Vehículos Pesados. Venta de vehículos pesados,Nacional,2020,	08,Dina,Pasajeros,Eléctrico,0,0
Registro Administrativo de la Industria Automotriz de Vehículos Pesados. Venta de vehículos pesados,Nacional,2020,	08,Dina,Pasajeros,Gas natural vehicular,0,0
Registro Administrativo de la Industria Automotriz de Vehículos Pesados. Venta de vehículos pesados,Nacional,2020,	08,Freightliner,Carga,Diésel,763,765
Registro Administrativo de la Industria Automotriz de Vehículos Pesados. Venta de vehículos pesados,Nacional,2020,	08,Hino,Carga,Diésel,128,56
Registro Administrativo de la Industria Automotriz de Vehículos Pesados. Venta de vehículos pesados,Nacional,2020,	08,Hino,Carga,Híbrido,6,6
Registro Administrativo de la Industria Automotriz de Vehículos Pesados. Venta de vehículos pesados,Nacional,2020,	08,Hino,Pasajeros,Diésel,20,0
Registro Administrativo de la Industria Automotriz de Vehículos Pesados. Venta de vehículos pesados,Nacional,2020,	08,International,Carga,Diésel,228,147
Registro Administrativo de la Industria Automotriz de Vehículos Pesados. Venta de vehículos pesados,Nacional,2020,	08,International,Pasajeros,Diésel,23,33
Registro Administrativo de la Industria Automotriz de Vehículos Pesados. Venta de vehículos pesados,Nacional,2020,	08,Isuzu,Carga,Diésel,86,94
Registro Administrativo de la Industria Automotriz de Vehículos Pesados. Venta de vehículos pesados,Nacional,2020,	08,Isuzu,Pasajeros,Diésel,2,2
Registro Administrativo de la Industria Automotriz de Vehículos Pesados. Venta de vehículos pesados,Nacional,2020,	08,Kenworth,Carga,Diésel,709,727
Registro Administrativo de la Industria Automotriz de Vehículos Pesados. Venta de vehículos pesados,Nacional,2020,	08,Kenworth,Carga,Gas natural vehicular,0,0
Registro Administrativo de la Industria Automotriz de Vehículos Pesados. Venta de vehículos pesados,Nacional,2020,	08,Mack Trucks,Carga,Diésel,11,5
Registro Administrativo de la Industria Automotriz de Vehículos Pesados. Venta de vehículos pesados,Nacional,2020,	08,Man Truck And Bus México,Carga,Diésel,1,1
Registro Administrativo de la Industria Automotriz de Vehículos Pesados. Venta de vehículos pesados,Nacional,2020,	08,Man Truck And Bus México,Pasajeros,Diésel,3,3
Registro Administrativo de la Industria Automotriz de Vehículos Pesados. Venta de vehículos pesados,Nacional,2020,	08,Mercedes-Benz Autobuses,Pasajeros,Diésel,113,51
Registro Administrativo de la Industria Automotriz de Vehículos Pesados. Venta de vehículos pesados,Nacional,2020,	08,Scania,Carga,Diésel,14,14
Registro Administrativo de la Industria Automotriz de Vehículos Pesados. Venta de vehículos pesados,Nacional,2020,	08,Scania,Carga,Gas natural vehicular,1,1
Registro Administrativo de la Industria Automotriz de Vehículos Pesados. Venta de vehículos pesados,Nacional,2020,	08,Scania,Pasajeros,Diésel,0,0
Registro Administrativo de la Industria Automotriz de Vehículos Pesados. Venta de vehículos pesados,Nacional,2020,	08,Scania,Pasajeros,Gas natural vehicular,0,0
Registro Administrativo de la Industria Automotriz de Vehículos Pesados. Venta de vehículos pesados,Nacional,2020,	08,Volkswagen Camiones y Autobuses,Carga,Diésel,42,22
Registro Administrativo de la Industria Automotriz de Vehículos Pesados. Venta de vehículos pesados,Nacional,2020,	08,Volkswagen Camiones y Autobuses,Pasajeros,Diésel,23,69
Registro Administrativo de la Industria Automotriz de Vehículos Pesados. Venta de vehículos pesados,Nacional,2020,	08,Volvo Buses,Pasajeros,Diésel,28,28
Registro Administrativo de la Industria Automotriz de Vehículos Pesados. Venta de vehículos pesados,Nacional,2020,	08,Volvo Trucks,Carga,Diésel,49,9
Registro Administrativo de la Industria Automotriz de Vehículos Pesados. Venta de vehículos pesados,Nacional,2020,	08,Volvo Trucks,Carga,Gas natural vehicular,0,0
Registro Administrativo de la Industria Automotriz de Vehículos Pesados. Venta de vehículos pesados,Nacional,2020,	09,Dina,Carga,Eléctrico,0,0
Registro Administrativo de la Industria Automotriz de Vehículos Pesados. Venta de vehículos pesados,Nacional,2020,	09,Dina,Carga,Gasolina,0,0
Registro Administrativo de la Industria Automotriz de Vehículos Pesados. Venta de vehículos pesados,Nacional,2020,	09,Dina,Pasajeros,Diésel,4,0
Registro Administrativo de la Industria Automotriz de Vehículos Pesados. Venta de vehículos pesados,Nacional,2020,	09,Dina,Pasajeros,Eléctrico,0,0
Registro Administrativo de la Industria Automotriz de Vehículos Pesados. Venta de vehículos pesados,Nacional,2020,	09,Dina,Pasajeros,Gas natural vehicular,0,0
Registro Administrativo de la Industria Automotriz de Vehículos Pesados. Venta de vehículos pesados,Nacional,2020,	09,Freightliner,Carga,Diésel,590,576
Registro Administrativo de la Industria Automotriz de Vehículos Pesados. Venta de vehículos pesados,Nacional,2020,	09,Hino,Carga,Diésel,142,107
Registro Administrativo de la Industria Automotriz de Vehículos Pesados. Venta de vehículos pesados,Nacional,2020,	09,Hino,Carga,Híbrido,0,0
Registro Administrativo de la Industria Automotriz de Vehículos Pesados. Venta de vehículos pesados,Nacional,2020,	09,Hino,Pasajeros,Diésel,14,0
Registro Administrativo de la Industria Automotriz de Vehículos Pesados. Venta de vehículos pesados,Nacional,2020,	09,International,Carga,Diésel,257,166
Registro Administrativo de la Industria Automotriz de Vehículos Pesados. Venta de vehículos pesados,Nacional,2020,	09,International,Pasajeros,Diésel,47,4
Registro Administrativo de la Industria Automotriz de Vehículos Pesados. Venta de vehículos pesados,Nacional,2020,	09,Isuzu,Carga,Diésel,146,138
Registro Administrativo de la Industria Automotriz de Vehículos Pesados. Venta de vehículos pesados,Nacional,2020,	09,Isuzu,Pasajeros,Diésel,0,0
Registro Administrativo de la Industria Automotriz de Vehículos Pesados. Venta de vehículos pesados,Nacional,2020,	09,Kenworth,Carga,Diésel,743,845
Registro Administrativo de la Industria Automotriz de Vehículos Pesados. Venta de vehículos pesados,Nacional,2020,	09,Kenworth,Carga,Eléctrico,0,0
Registro Administrativo de la Industria Automotriz de Vehículos Pesados. Venta de vehículos pesados,Nacional,2020,	09,Kenworth,Carga,Gas natural vehicular,0,0
Registro Administrativo de la Industria Automotriz de Vehículos Pesados. Venta de vehículos pesados,Nacional,2020,	09,Mack Trucks,Carga,Diésel,10,5
Registro Administrativo de la Industria Automotriz de Vehículos Pesados. Venta de vehículos pesados,Nacional,2020,	09,Man Truck And Bus México,Carga,Diésel,0,0
Registro Administrativo de la Industria Automotriz de Vehículos Pesados. Venta de vehículos pesados,Nacional,2020,	09,Man Truck And Bus México,Pasajeros,Diésel,0,0
Registro Administrativo de la Industria Automotriz de Vehículos Pesados. Venta de vehículos pesados,Nacional,2020,	09,Mercedes-Benz Autobuses,Pasajeros,Diésel,98,84
Registro Administrativo de la Industria Automotriz de Vehículos Pesados. Venta de vehículos pesados,Nacional,2020,	09,Scania,Carga,Diésel,8,8
Registro Administrativo de la Industria Automotriz de Vehículos Pesados. Venta de vehículos pesados,Nacional,2020,	09,Scania,Carga,Gas natural vehicular,0,0
Registro Administrativo de la Industria Automotriz de Vehículos Pesados. Venta de vehículos pesados,Nacional,2020,	09,Scania,Pasajeros,Diésel,3,3
Registro Administrativo de la Industria Automotriz de Vehículos Pesados. Venta de vehículos pesados,Nacional,2020,	09,Scania,Pasajeros,Gas natural vehicular,0,0
Registro Administrativo de la Industria Automotriz de Vehículos Pesados. Venta de vehículos pesados,Nacional,2020,	09,Volkswagen Camiones y Autobuses,Carga,Diésel,39,63
Registro Administrativo de la Industria Automotriz de Vehículos Pesados. Venta de vehículos pesados,Nacional,2020,	09,Volkswagen Camiones y Autobuses,Pasajeros,Diésel,61,16
Registro Administrativo de la Industria Automotriz de Vehículos Pesados. Venta de vehículos pesados,Nacional,2020,	09,Volvo Buses,Pasajeros,Diésel,22,22
Registro Administrativo de la Industria Automotriz de Vehículos Pesados. Venta de vehículos pesados,Nacional,2020,	09,Volvo Trucks,Carga,Diésel,47,22
Registro Administrativo de la Industria Automotriz de Vehículos Pesados. Venta de vehículos pesados,Nacional,2020,	09,Volvo Trucks,Carga,Gas natural vehicular,0,0
Registro Administrativo de la Industria Automotriz de Vehículos Pesados. Venta de vehículos pesados,Nacional,2020,	10,Dina,Carga,Eléctrico,0,0
Registro Administrativo de la Industria Automotriz de Vehículos Pesados. Venta de vehículos pesados,Nacional,2020,	10,Dina,Carga,Gasolina,0,0
Registro Administrativo de la Industria Automotriz de Vehículos Pesados. Venta de vehículos pesados,Nacional,2020,	10,Dina,Pasajeros,Diésel,4,0
Registro Administrativo de la Industria Automotriz de Vehículos Pesados. Venta de vehículos pesados,Nacional,2020,	10,Dina,Pasajeros,Eléctrico,0,0
Registro Administrativo de la Industria Automotriz de Vehículos Pesados. Venta de vehículos pesados,Nacional,2020,	10,Dina,Pasajeros,Gas natural vehicular,0,0
Registro Administrativo de la Industria Automotriz de Vehículos Pesados. Venta de vehículos pesados,Nacional,2020,	10,Freightliner,Carga,Diésel,711,735
Registro Administrativo de la Industria Automotriz de Vehículos Pesados. Venta de vehículos pesados,Nacional,2020,	10,Hino,Carga,Diésel,151,128
Registro Administrativo de la Industria Automotriz de Vehículos Pesados. Venta de vehículos pesados,Nacional,2020,	10,Hino,Carga,Híbrido,2,2
Registro Administrativo de la Industria Automotriz de Vehículos Pesados. Venta de vehículos pesados,Nacional,2020,	10,Hino,Pasajeros,Diésel,7,4
Registro Administrativo de la Industria Automotriz de Vehículos Pesados. Venta de vehículos pesados,Nacional,2020,	10,International,Carga,Diésel,435,401
Registro Administrativo de la Industria Automotriz de Vehículos Pesados. Venta de vehículos pesados,Nacional,2020,	10,International,Pasajeros,Diésel,60,82
Registro Administrativo de la Industria Automotriz de Vehículos Pesados. Venta de vehículos pesados,Nacional,2020,	10,Isuzu,Carga,Diésel,153,155
Registro Administrativo de la Industria Automotriz de Vehículos Pesados. Venta de vehículos pesados,Nacional,2020,	10,Isuzu,Pasajeros,Diésel,0,0
Registro Administrativo de la Industria Automotriz de Vehículos Pesados. Venta de vehículos pesados,Nacional,2020,	10,Kenworth,Carga,Diésel,780,922
Registro Administrativo de la Industria Automotriz de Vehículos Pesados. Venta de vehículos pesados,Nacional,2020,	10,Kenworth,Carga,Eléctrico,0,0
Registro Administrativo de la Industria Automotriz de Vehículos Pesados. Venta de vehículos pesados,Nacional,2020,	10,Kenworth,Carga,Gas natural vehicular,0,0
Registro Administrativo de la Industria Automotriz de Vehículos Pesados. Venta de vehículos pesados,Nacional,2020,	10,Mack Trucks,Carga,Diésel,9,2
Registro Administrativo de la Industria Automotriz de Vehículos Pesados. Venta de vehículos pesados,Nacional,2020,	10,Man Truck And Bus México,Carga,Diésel,2,1
Registro Administrativo de la Industria Automotriz de Vehículos Pesados. Venta de vehículos pesados,Nacional,2020,	10,Man Truck And Bus México,Pasajeros,Diésel,-19,-19
Registro Administrativo de la Industria Automotriz de Vehículos Pesados. Venta de vehículos pesados,Nacional,2020,	10,Mercedes-Benz Autobuses,Pasajeros,Diésel,180,150
Registro Administrativo de la Industria Automotriz de Vehículos Pesados. Venta de vehículos pesados,Nacional,2020,	10,Scania,Carga,Diésel,11,11
Registro Administrativo de la Industria Automotriz de Vehículos Pesados. Venta de vehículos pesados,Nacional,2020,	10,Scania,Carga,Gas natural vehicular,9,9
Registro Administrativo de la Industria Automotriz de Vehículos Pesados. Venta de vehículos pesados,Nacional,2020,	10,Scania,Pasajeros,Diésel,5,5
Registro Administrativo de la Industria Automotriz de Vehículos Pesados. Venta de vehículos pesados,Nacional,2020,	10,Scania,Pasajeros,Gas natural vehicular,0,0
Registro Administrativo de la Industria Automotriz de Vehículos Pesados. Venta de vehículos pesados,Nacional,2020,	10,Volkswagen Camiones y Autobuses,Carga,Diésel,63,58
Registro Administrativo de la Industria Automotriz de Vehículos Pesados. Venta de vehículos pesados,Nacional,2020,	10,Volkswagen Camiones y Autobuses,Pasajeros,Diésel,17,12
Registro Administrativo de la Industria Automotriz de Vehículos Pesados. Venta de vehículos pesados,Nacional,2020,	10,Volvo Buses,Pasajeros,Diésel,17,17
Registro Administrativo de la Industria Automotriz de Vehículos Pesados. Venta de vehículos pesados,Nacional,2020,	10,Volvo Trucks,Carga,Diésel,31,12
Registro Administrativo de la Industria Automotriz de Vehículos Pesados. Venta de vehículos pesados,Nacional,2020,	10,Volvo Trucks,Carga,Gas natural vehicular,0,0
Registro Administrativo de la Industria Automotriz de Vehículos Pesados. Venta de vehículos pesados,Nacional,2020,	11,Dina,Carga,Eléctrico,0,0
Registro Administrativo de la Industria Automotriz de Vehículos Pesados. Venta de vehículos pesados,Nacional,2020,	11,Dina,Carga,Gasolina,0,0
Registro Administrativo de la Industria Automotriz de Vehículos Pesados. Venta de vehículos pesados,Nacional,2020,	11,Dina,Pasajeros,Diésel,1,0
Registro Administrativo de la Industria Automotriz de Vehículos Pesados. Venta de vehículos pesados,Nacional,2020,	11,Dina,Pasajeros,Eléctrico,0,0
Registro Administrativo de la Industria Automotriz de Vehículos Pesados. Venta de vehículos pesados,Nacional,2020,	11,Dina,Pasajeros,Gas natural vehicular,0,0
Registro Administrativo de la Industria Automotriz de Vehículos Pesados. Venta de vehículos pesados,Nacional,2020,	11,Freightliner,Carga,Diésel,756,639
Registro Administrativo de la Industria Automotriz de Vehículos Pesados. Venta de vehículos pesados,Nacional,2020,	11,Hino,Carga,Diésel,140,137
Registro Administrativo de la Industria Automotriz de Vehículos Pesados. Venta de vehículos pesados,Nacional,2020,	11,Hino,Carga,Híbrido,79,78
Registro Administrativo de la Industria Automotriz de Vehículos Pesados. Venta de vehículos pesados,Nacional,2020,	11,Hino,Pasajeros,Diésel,10,5
Registro Administrativo de la Industria Automotriz de Vehículos Pesados. Venta de vehículos pesados,Nacional,2020,	11,International,Carga,Diésel,366,341
Registro Administrativo de la Industria Automotriz de Vehículos Pesados. Venta de vehículos pesados,Nacional,2020,	11,International,Pasajeros,Diésel,30,60
Registro Administrativo de la Industria Automotriz de Vehículos Pesados. Venta de vehículos pesados,Nacional,2020,	11,Isuzu,Carga,Diésel,93,88
Registro Administrativo de la Industria Automotriz de Vehículos Pesados. Venta de vehículos pesados,Nacional,2020,	11,Isuzu,Pasajeros,Diésel,0,1
Registro Administrativo de la Industria Automotriz de Vehículos Pesados. Venta de vehículos pesados,Nacional,2020,	11,Kenworth,Carga,Diésel,731,759
Registro Administrativo de la Industria Automotriz de Vehículos Pesados. Venta de vehículos pesados,Nacional,2020,	11,Kenworth,Carga,Eléctrico,0,0
Registro Administrativo de la Industria Automotriz de Vehículos Pesados. Venta de vehículos pesados,Nacional,2020,	11,Kenworth,Carga,Gas natural vehicular,0,0
Registro Administrativo de la Industria Automotriz de Vehículos Pesados. Venta de vehículos pesados,Nacional,2020,	11,Mack Trucks,Carga,Diésel,10,5
Registro Administrativo de la Industria Automotriz de Vehículos Pesados. Venta de vehículos pesados,Nacional,2020,	11,Man Truck And Bus México,Carga,Diésel,10,9
Registro Administrativo de la Industria Automotriz de Vehículos Pesados. Venta de vehículos pesados,Nacional,2020,	11,Man Truck And Bus México,Pasajeros,Diésel,-24,-24
Registro Administrativo de la Industria Automotriz de Vehículos Pesados. Venta de vehículos pesados,Nacional,2020,	11,Mercedes-Benz Autobuses,Pasajeros,Diésel,156,140
Registro Administrativo de la Industria Automotriz de Vehículos Pesados. Venta de vehículos pesados,Nacional,2020,	11,Scania,Carga,Diésel,8,8
Registro Administrativo de la Industria Automotriz de Vehículos Pesados. Venta de vehículos pesados,Nacional,2020,	11,Scania,Carga,Gas natural vehicular,0,0
Registro Administrativo de la Industria Automotriz de Vehículos Pesados. Venta de vehículos pesados,Nacional,2020,	11,Scania,Pasajeros,Diésel,20,20
Registro Administrativo de la Industria Automotriz de Vehículos Pesados. Venta de vehículos pesados,Nacional,2020,	11,Scania,Pasajeros,Gas natural vehicular,0,0
Registro Administrativo de la Industria Automotriz de Vehículos Pesados. Venta de vehículos pesados,Nacional,2020,	11,Volkswagen Camiones y Autobuses,Carga,Diésel,39,39
Registro Administrativo de la Industria Automotriz de Vehículos Pesados. Venta de vehículos pesados,Nacional,2020,	11,Volkswagen Camiones y Autobuses,Pasajeros,Diésel,19,-3
Registro Administrativo de la Industria Automotriz de Vehículos Pesados. Venta de vehículos pesados,Nacional,2020,	11,Volvo Buses,Pasajeros,Diésel,89,89
Registro Administrativo de la Industria Automotriz de Vehículos Pesados. Venta de vehículos pesados,Nacional,2020,	11,Volvo Trucks,Carga,Diésel,20,0
Registro Administrativo de la Industria Automotriz de Vehículos Pesados. Venta de vehículos pesados,Nacional,2020,	11,Volvo Trucks,Carga,Gas natural vehicular,0,0
Registro Administrativo de la Industria Automotriz de Vehículos Pesados. Venta de vehículos pesados,Nacional,2020,	12,Dina,Carga,Eléctrico,0,0
Registro Administrativo de la Industria Automotriz de Vehículos Pesados. Venta de vehículos pesados,Nacional,2020,	12,Dina,Carga,Gasolina,0,0
Registro Administrativo de la Industria Automotriz de Vehículos Pesados. Venta de vehículos pesados,Nacional,2020,	12,Dina,Pasajeros,Diésel,14,5
Registro Administrativo de la Industria Automotriz de Vehículos Pesados. Venta de vehículos pesados,Nacional,2020,	12,Dina,Pasajeros,Eléctrico,0,0
Registro Administrativo de la Industria Automotriz de Vehículos Pesados. Venta de vehículos pesados,Nacional,2020,	12,Dina,Pasajeros,Gas natural vehicular,0,0
Registro Administrativo de la Industria Automotriz de Vehículos Pesados. Venta de vehículos pesados,Nacional,2020,	12,Freightliner,Carga,Diésel,867,932
Registro Administrativo de la Industria Automotriz de Vehículos Pesados. Venta de vehículos pesados,Nacional,2020,	12,Hino,Carga,Diésel,312,337
Registro Administrativo de la Industria Automotriz de Vehículos Pesados. Venta de vehículos pesados,Nacional,2020,	12,Hino,Carga,Híbrido,56,56
Registro Administrativo de la Industria Automotriz de Vehículos Pesados. Venta de vehículos pesados,Nacional,2020,	12,Hino,Pasajeros,Diésel,16,3
Registro Administrativo de la Industria Automotriz de Vehículos Pesados. Venta de vehículos pesados,Nacional,2020,	12,International,Carga,Diésel,195,119
Registro Administrativo de la Industria Automotriz de Vehículos Pesados. Venta de vehículos pesados,Nacional,2020,	12,International,Pasajeros,Diésel,65,8
Registro Administrativo de la Industria Automotriz de Vehículos Pesados. Venta de vehículos pesados,Nacional,2020,	12,Isuzu,Carga,Diésel,208,203
Registro Administrativo de la Industria Automotriz de Vehículos Pesados. Venta de vehículos pesados,Nacional,2020,	12,Isuzu,Pasajeros,Diésel,0,1
Registro Administrativo de la Industria Automotriz de Vehículos Pesados. Venta de vehículos pesados,Nacional,2020,	12,Kenworth,Carga,Diésel,627,587
Registro Administrativo de la Industria Automotriz de Vehículos Pesados. Venta de vehículos pesados,Nacional,2020,	12,Kenworth,Carga,Eléctrico,0,0
Registro Administrativo de la Industria Automotriz de Vehículos Pesados. Venta de vehículos pesados,Nacional,2020,	12,Kenworth,Carga,Gas natural vehicular,0,0
Registro Administrativo de la Industria Automotriz de Vehículos Pesados. Venta de vehículos pesados,Nacional,2020,	12,Mack Trucks,Carga,Diésel,16,2
Registro Administrativo de la Industria Automotriz de Vehículos Pesados. Venta de vehículos pesados,Nacional,2020,	12,Man Truck And Bus México,Carga,Diésel,11,11
Registro Administrativo de la Industria Automotriz de Vehículos Pesados. Venta de vehículos pesados,Nacional,2020,	12,Man Truck And Bus México,Pasajeros,Diésel,0,0
Registro Administrativo de la Industria Automotriz de Vehículos Pesados. Venta de vehículos pesados,Nacional,2020,	12,Mercedes-Benz Autobuses,Pasajeros,Diésel,278,308
Registro Administrativo de la Industria Automotriz de Vehículos Pesados. Venta de vehículos pesados,Nacional,2020,	12,Scania,Carga,Diésel,30,30
Registro Administrativo de la Industria Automotriz de Vehículos Pesados. Venta de vehículos pesados,Nacional,2020,	12,Scania,Carga,Gas natural vehicular,-1,-1
Registro Administrativo de la Industria Automotriz de Vehículos Pesados. Venta de vehículos pesados,Nacional,2020,	12,Scania,Pasajeros,Diésel,25,25
Registro Administrativo de la Industria Automotriz de Vehículos Pesados. Venta de vehículos pesados,Nacional,2020,	12,Scania,Pasajeros,Gas natural vehicular,0,0
Registro Administrativo de la Industria Automotriz de Vehículos Pesados. Venta de vehículos pesados,Nacional,2020,	12,Volkswagen Camiones y Autobuses,Carga,Diésel,69,49
Registro Administrativo de la Industria Automotriz de Vehículos Pesados. Venta de vehículos pesados,Nacional,2020,	12,Volkswagen Camiones y Autobuses,Pasajeros,Diésel,19,-36
Registro Administrativo de la Industria Automotriz de Vehículos Pesados. Venta de vehículos pesados,Nacional,2020,	12,Volvo Buses,Pasajeros,Diésel,167,167
Registro Administrativo de la Industria Automotriz de Vehículos Pesados. Venta de vehículos pesados,Nacional,2020,	12,Volvo Trucks,Carga,Diésel,10,1
Registro Administrativo de la Industria Automotriz de Vehículos Pesados. Venta de vehículos pesados,Nacional,2020,	12,Volvo Trucks,Carga,Gas natural vehicular,0,0
